{"cameraMode":{"drawMode":0,"name":"Shaded","section":"Shading Mode"},"sceneLighting":true,"audioPlay":false,"sceneViewState":{"showFog":true,"showMaterialUpdate":false,"showSkybox":true,"showFlares":true,"showImageEffects":true,"showParticleSystems":true},"in2DMode":false,"pivot":{"x":-6.280144691467285,"y":2.9958391189575197,"z":11.510910034179688},"rotation":{"x":0.003284579375758767,"y":0.9711717367172241,"z":-0.2379806935787201,"w":0.013403775170445443},"size":18.618837356567384,"orthographic":false}